{
  "Confusion Matrix": {
    "TP": 7879,
    "FP": 1091,
    "TN": 240125,
    "FN": 72306
  },
  "Precision": 0.8783723522853958,
  "Recall": 0.09826027311841366,
  "F1-score": 0.17674835959845211,
  "True Positive Rate": 0.09826027311841366,
  "False Positive Rate": 0.004522917219421598
}