{
  "Confusion Matrix": {
    "TP": 6834,
    "FP": 924,
    "TN": 240292,
    "FN": 73351
  },
  "Precision": 0.8808971384377416,
  "Recall": 0.08522791045706803,
  "F1-score": 0.15541885084657106,
  "True Positive Rate": 0.08522791045706803,
  "False Positive Rate": 0.0038305916688776863
}